Recency,Frequency,Monetary,CustomerID,Cluster
2.4412876132635617,-0.8301205927100848,-0.6798019820631455,12350.0,2
1.2564593490966507,-0.8301205927100848,-1.0301918779505257,12353.0,2
1.5694328528388537,-0.8301205927100848,0.3839326244409228,12354.0,2
1.3682356004331515,-0.8301205927100848,-0.5013230212403152,12355.0,2
2.184202235189609,-0.8301205927100848,-0.8861236607743372,12361.0,2
2.22891273572421,-0.3489763958417757,-0.241486210916006,12365.0,2
2.452465238397212,-0.8301205927100848,-0.6366814651283497,12373.0,2
2.497175738931812,-0.3489763958417757,1.1674124275025497,12377.0,2
2.363044237328011,-0.8301205927100848,-1.0369026868774642,12401.0,2
2.586596740001013,-0.8301205927100848,-0.8351500695633368,12402.0,2
2.4301099881299115,-0.3489763958417757,-0.1673103547980379,12410.0,2
1.401768475834102,0.1321678010265333,-0.3542420792054374,12414.0,2
0.7981767186169966,-0.3489763958417757,1.357085588748188,12424.0,2
1.1558607228937998,-0.8301205927100848,-0.3252285393340779,12426.0,2
1.692386729309005,-0.8301205927100848,-0.4769213777166178,12447.0,2
0.7199333426814459,-0.3489763958417757,-0.8747295639154077,12450.0,2
1.077617346958249,-0.3489763958417757,-0.1156085694268802,12468.0,2
0.8317095940179469,-0.3489763958417757,-0.5379611823180258,12493.0,2
1.580610477972504,-0.8301205927100848,-1.0523232690925568,12506.0,2
2.150669359788659,-0.8301205927100848,-0.9052566053745446,12509.0,2
1.9606497325166072,-0.8301205927100848,0.2958068527450419,12514.0,2
0.5746242159439946,-0.8301205927100848,-0.3010267922465023,12521.0,2
1.18939359829475,-0.3489763958417757,-0.860565473584508,12547.0,2
0.8317095940179469,-0.8301205927100848,-1.0213393214937132,12548.0,2
2.452465238397212,-0.3489763958417757,-0.3552415613860451,12559.0,2
2.363044237328011,-0.8301205927100848,-0.8162312997161169,12561.0,2
1.8935839817147069,-0.8301205927100848,-0.5048926004567719,12564.0,2
2.206557485456909,-0.8301205927100848,-0.9489196983502418,12565.0,2
1.5135447271706033,-0.8301205927100848,-0.9280447990924036,12573.0,2
2.5083533640654623,-0.8301205927100848,-0.8453590661224027,12574.0,2
1.7370972298436054,-0.8301205927100848,-0.5637192659439767,12580.0,2
1.6476762287744044,-0.3489763958417757,-0.4271328868054811,12582.0,2
1.591788103106154,-0.3489763958417757,1.7556505257408666,12585.0,2
2.5195309891991124,-0.8301205927100848,-0.5106753187874316,12591.0,2
1.0999725972255494,1.0944561947631517,-0.3333243449970015,12601.0,2
2.0836036089867584,-0.8301205927100848,-0.7066452177708991,12614.0,2
1.5694328528388537,-0.8301205927100848,-0.900116411302847,12622.0,2
2.061248358719458,-0.8301205927100848,-0.7216374504800168,12623.0,2
1.6476762287744044,-0.8301205927100848,-0.4631999152085587,12639.0,2
0.7087557175477958,-0.8301205927100848,-0.7031470301387717,12648.0,2
2.6089519902683134,-0.8301205927100848,-1.0673155018016744,12665.0,2
1.278814599363951,-0.8301205927100848,-0.6018280936588674,12690.0,2
2.24009036085786,-0.8301205927100848,-0.2956867017386832,12707.0,2
0.6640452170131954,-0.3489763958417757,0.3147970141765911,12717.0,2
0.9881963458890484,-0.8301205927100848,-0.819929383784366,12732.0,2
1.591788103106154,-0.8301205927100848,-0.6090529219929756,12733.0,2
2.497175738931812,-0.3489763958417757,-0.0441741501471509,12735.0,2
2.5195309891991124,-0.8301205927100848,1.2613066392122243,12764.0,2
1.6476762287744044,-0.8301205927100848,0.4755994187195281,12769.0,2
1.3347027250322014,-0.8301205927100848,0.7723742347757304,12770.0,2
1.1223278474928495,-0.8301205927100848,-0.6933378264519489,12790.0,2
1.8488734811801064,-0.8301205927100848,-0.5853651943125696,12792.0,2
1.0664397218245991,-0.8301205927100848,-0.5467566255073749,12802.0,2
0.965841095621748,-0.8301205927100848,-0.4586165754946284,12809.0,2
1.8935839817147069,0.1321678010265333,-0.4221497542193077,12811.0,2
2.1171364843877085,-0.8301205927100848,-0.920191724816199,12817.0,2
1.9047616068483568,-0.8301205927100848,1.0445617891889794,12818.0,2
1.3682356004331515,-0.8301205927100848,-1.0248803440764382,12821.0,2
1.9047616068483568,-0.8301205927100848,-0.8502136938567838,12831.0,2
0.5969794662112947,-0.8301205927100848,-0.5613205087105179,12833.0,2
2.139491734655009,-0.8301205927100848,-0.7112428358016952,12834.0,2
0.9099529699534976,-0.8301205927100848,-0.9657966688856484,12837.0,2
1.9606497325166072,0.6133119978948424,-0.6516879761543333,12845.0,2
2.27362323625881,-0.8301205927100848,-0.7124279361015589,12852.0,2
1.3347027250322014,-0.3489763958417757,0.4224840799786541,12857.0,2
0.5187360902757441,-0.8301205927100848,-0.9472063003263426,12864.0,2
2.139491734655009,-0.8301205927100848,-0.3589396454542942,12866.0,2
2.6313072405356133,-0.3489763958417757,-0.3006127210573932,12872.0,2
2.1283141095213587,-0.8301205927100848,-0.6232598472744728,12873.0,2
0.5746242159439946,-0.3489763958417757,-0.6671942282706206,12875.0,2
1.6141433533734542,-0.3489763958417757,0.063512915654912,12878.0,2
2.061248358719458,-0.8301205927100848,-0.7317750554547536,12881.0,2
1.3682356004331515,-0.3489763958417757,-0.6516451412037357,12888.0,2
1.055262096690949,0.1321678010265333,-0.6846566097975264,12891.0,2
1.2676369742303009,-0.3489763958417757,-0.848143337911239,12897.0,2
1.9382944822493071,-0.8301205927100848,-0.9592571997611,12902.0,2
0.943485845354448,-0.3489763958417757,-0.0863951331193995,12908.0,2
0.6416899667458952,-0.3489763958417757,-0.6380379052306032,12915.0,2
0.7758214683496963,-0.8301205927100848,-0.5784544889495096,12922.0,2
2.463642863530862,-0.8301205927100848,-0.9889989337926164,12929.0,2
2.1953798603232597,-0.8301205927100848,-0.4962542187529469,12945.0,2
2.396577112728961,-0.8301205927100848,-1.002963127687395,12956.0,2
1.18939359829475,-0.8301205927100848,-0.9505188698392144,12974.0,2
1.3458803501658516,-0.8301205927100848,-0.1026724143464416,12976.0,2
0.7199333426814459,-0.8301205927100848,-1.101240782674878,12977.0,2
1.692386729309005,-0.8301205927100848,-0.5996435111783959,12982.0,2
2.24009036085786,-0.8301205927100848,-0.435043074349149,12988.0,2
1.16703834802745,0.1321678010265333,-0.5063489887770861,12999.0,2
2.5307086143327626,-0.8301205927100848,-0.9845726555642104,13002.0,2
0.9211305950871476,-0.3489763958417757,-0.4237917606588777,13005.0,2
2.586596740001013,-0.8301205927100848,-0.829624360936262,13008.0,2
2.027715483318508,-0.8301205927100848,-0.4199080584713731,13043.0,2
2.22891273572421,-0.8301205927100848,-0.3570120726774076,13044.0,2
1.3458803501658516,-0.8301205927100848,-0.6601692963726341,13052.0,2
1.7706301052445557,-0.8301205927100848,-0.8954045667371244,13059.0,2
1.815340605779156,-0.8301205927100848,-0.7181678194816211,13060.0,2
1.1111502223591994,-0.8301205927100848,-0.6618398594459358,13062.0,2
1.1223278474928495,-0.8301205927100848,-0.8305810081662724,13070.0,2
1.9606497325166072,-0.8301205927100848,-0.904328514778266,13072.0,2
0.9770187207553982,-0.8301205927100848,-1.074340433699661,13080.0,2
0.742288592948746,-0.3489763958417757,-0.5631766899030752,13085.0,2
1.591788103106154,-0.8301205927100848,-1.0127866096910834,13101.0,2
0.4628479646074935,-0.8301205927100848,-1.048039774032809,13106.0,2
0.5187360902757441,-0.8301205927100848,-0.4417253266423558,13116.0,2
1.6476762287744044,-0.8301205927100848,-1.113577248446952,13120.0,2
1.983004982783908,-0.8301205927100848,-0.7521502136222878,13121.0,2
1.9047616068483568,-0.8301205927100848,-1.0468975086835428,13132.0,2
2.038893108452158,-0.3489763958417757,-1.0004929788696069,13133.0,2
2.28480086139246,-0.8301205927100848,0.6387577455453269,13151.0,2
2.474820488664512,-0.8301205927100848,-0.996280875394188,13161.0,2
2.139491734655009,-0.8301205927100848,-0.5615775184141027,13166.0,2
1.9718273576502572,-0.8301205927100848,-1.0553217156343804,13185.0,2
0.4963808400084438,-0.8301205927100848,-1.0705995146808145,13194.0,2
1.9718273576502572,-0.8301205927100848,-0.6807443509762899,13216.0,2
1.6588538539080546,-0.3489763958417757,0.0526899514706155,13221.0,2
1.2117488485620505,-0.3489763958417757,-0.9242467668060936,13223.0,2
2.027715483318508,-0.8301205927100848,-1.002763231251273,13226.0,2
1.2341040988293506,-0.8301205927100848,-0.789316672424034,13227.0,2
1.5023671020369531,-0.8301205927100848,-0.9274593881009046,13229.0,2
1.3458803501658516,-0.8301205927100848,0.3149255190283835,13235.0,2
1.9047616068483568,-0.8301205927100848,-0.6867126874262054,13239.0,2
1.2452817239630007,-0.8301205927100848,-0.3218160216031455,13243.0,2
0.731110967815096,-0.3489763958417757,0.3139688717983733,13253.0,2
1.983004982783908,-0.3489763958417757,0.1907469972462912,13261.0,2
1.915939231982007,-0.8301205927100848,-0.8712884895507436,13262.0,2
0.7199333426814459,-0.8301205927100848,-0.6416645977145231,13291.0,2
1.0999725972255494,-0.3489763958417757,0.0902847597783365,13294.0,2
0.5075584651420939,-0.8301205927100848,-1.032476408649058,13296.0,2
1.9718273576502572,-0.8301205927100848,-0.9538028827183545,13299.0,2
0.8652424694188972,-0.8301205927100848,-0.6262725721331622,13300.0,2
0.7087557175477958,-0.8301205927100848,-1.0662446280367377,13302.0,2
2.5083533640654623,-0.8301205927100848,0.7110203072032742,13328.0,2
0.742288592948746,-0.8301205927100848,-0.4618863100569026,13338.0,2
1.2229264736957004,-0.8301205927100848,0.0708376922070809,13339.0,2
1.8935839817147069,-0.8301205927100848,-0.0494856840212382,13341.0,2
0.965841095621748,-0.8301205927100848,-0.6526303450674777,13343.0,2
2.1953798603232597,-0.8301205927100848,-0.6011284561324419,13345.0,2
1.8488734811801064,-0.8301205927100848,-0.287148268252919,13357.0,2
1.983004982783908,-0.8301205927100848,-0.5304079526960037,13358.0,2
1.8488734811801064,-0.3489763958417757,-0.267158624640762,13368.0,2
2.1171364843877085,-0.8301205927100848,-0.8388767102653175,13382.0,2
1.2564593490966507,-0.8301205927100848,-1.071884563198739,13391.0,2
1.0440844715572988,-0.8301205927100848,-0.7178965314611703,13395.0,2
1.1223278474928495,-0.8301205927100848,-0.5042643545146756,13398.0,2
0.6528675918795452,-0.3489763958417757,-0.9290300029561456,13420.0,2
1.826518230912806,-0.8301205927100848,-0.7521787702560195,13439.0,2
1.8712287314474063,-0.3489763958417757,-0.3148482029726222,13452.0,2
0.8317095940179469,-0.3489763958417757,-0.6475615425801095,13453.0,2
1.804162980645506,-0.8301205927100848,-0.9409523975391106,13462.0,2
1.0329068464236488,-0.8301205927100848,-0.7176395217575855,13466.0,2
1.6141433533734542,-0.8301205927100848,-0.8333795582719744,13474.0,2
1.1111502223591994,0.6133119978948424,0.8870719541589139,13475.0,2
0.9770187207553982,-0.3489763958417757,0.6110578108256235,13476.0,2
1.2229264736957004,-0.3489763958417757,-0.7275629519793348,13479.0,2
1.5694328528388537,-0.8301205927100848,-0.8936340554457619,13482.0,2
1.6700314790417046,-0.8301205927100848,-0.7092153148067478,13484.0,2
1.580610477972504,-0.8301205927100848,-0.5086906327430817,13485.0,2
2.050070733585808,-0.3489763958417757,-0.2739693817857612,13493.0,2
2.463642863530862,-0.8301205927100848,-0.7057028488577545,13494.0,2
2.139491734655009,-0.3489763958417757,-0.6603120795412923,13497.0,2
2.1953798603232597,-0.8301205927100848,0.7564824681040655,13501.0,2
2.5083533640654623,-0.3489763958417757,-0.502579513124508,13506.0,2
1.7035643544426549,-0.8301205927100848,-0.998822415796305,13508.0,2
1.8935839817147069,-0.8301205927100848,-0.7985833000699554,13512.0,2
1.2676369742303009,-0.3489763958417757,-0.4664839280876988,13531.0,2
1.0217292212899989,0.1321678010265333,-0.7730536695138579,13533.0,2
2.541886239466413,-0.8301205927100848,-1.0261939492280945,13551.0,2
1.390590850700452,-0.8301205927100848,-0.9547166949977672,13561.0,2
0.9099529699534976,-0.8301205927100848,-0.8901929810810978,13568.0,2
1.692386729309005,-0.8301205927100848,-0.815317487436704,13570.0,2
1.278814599363951,-0.8301205927100848,0.8192071140956411,13572.0,2
2.4301099881299115,-0.8301205927100848,-0.9887847590396291,13581.0,2
0.7199333426814459,-0.8301205927100848,-0.0420895158847402,13583.0,2
2.407754737862611,-0.8301205927100848,-0.9539456658870128,13584.0,2
2.463642863530862,-0.8301205927100848,-0.8438312862177594,13600.0,2
2.541886239466413,-0.8301205927100848,-0.5608778808876772,13615.0,2
0.9211305950871476,-0.8301205927100848,-0.9040572267578152,13618.0,2
1.804162980645506,-0.8301205927100848,-0.7899877533167279,13626.0,2
1.390590850700452,-0.8301205927100848,-0.7113856189703536,13642.0,2
1.8488734811801064,-0.3489763958417757,-0.6623824354868372,13649.0,2
0.8205319688842968,-0.3489763958417757,-0.6151925982452809,13656.0,2
1.278814599363951,-0.3489763958417757,1.0744320280722883,13659.0,2
0.9770187207553982,-0.8301205927100848,-0.8867376283995677,13663.0,2
0.6416899667458952,-0.8301205927100848,-0.7302758321838418,13667.0,2
2.3406889870607106,-0.3489763958417757,-0.8911353499942423,13672.0,2
0.6640452170131954,-0.3489763958417757,-0.4621718763942191,13675.0,2
0.6752228421468455,-0.8301205927100848,-0.8251552477572583,13678.0,2
1.0664397218245991,-0.8301205927100848,-1.0723129127047135,13682.0,2
2.17302461005596,-0.8301205927100848,-1.0642742203092534,13684.0,2
1.0217292212899989,-0.8301205927100848,-1.0544650166224308,13686.0,2
0.7087557175477958,-0.8301205927100848,-0.7166685962107092,13699.0,2
2.5307086143327626,-0.8301205927100848,-1.015199645241408,13703.0,2
2.363044237328011,-0.8301205927100848,-0.6849564544517087,13706.0,2
1.9606497325166072,-0.3489763958417757,-0.0058511476792727,13707.0,2
2.005360233051208,-0.8301205927100848,-0.7498656829237558,13708.0,2
1.4241237261014024,-0.3489763958417757,-0.7973696431363603,13711.0,2
1.7370972298436054,-0.8301205927100848,-0.8305238948988091,13712.0,2
2.1171364843877085,1.0944561947631517,0.3810626827508917,13715.0,2
1.983004982783908,-0.8301205927100848,-0.9598283324357332,13716.0,2
1.7259196047099552,-0.3489763958417757,-0.719567094534472,13718.0,2
1.401768475834102,-0.8301205927100848,-0.8719167354928399,13723.0,2
1.4241237261014024,-0.3489763958417757,-0.2854491485458856,13731.0,2
1.2117488485620505,-0.8301205927100848,-0.6723772572929158,13737.0,2
1.6700314790417046,-0.8301205927100848,-0.6564569339875193,13740.0,2
0.7869990934833465,-0.8301205927100848,-0.728862278814125,13745.0,2
2.1953798603232597,-0.8301205927100848,-0.7342737609062733,13751.0,2
2.1953798603232597,-0.8301205927100848,-0.0988743820601318,13753.0,2
0.6752228421468455,-0.3489763958417757,-0.7537636634281264,13754.0,2
1.4241237261014024,-0.8301205927100848,-0.7193243631477529,13762.0,2
1.7818077303782056,-0.8301205927100848,-0.974734895243656,13781.0,2
2.4412876132635617,-0.8301205927100848,-0.3600819108035602,13800.0,2
1.826518230912806,-0.8301205927100848,-0.7616595726549285,13803.0,2
2.3853994875953117,-0.8301205927100848,-0.9358835950517423,13809.0,2
1.0329068464236488,0.1321678010265333,0.0057000106651808,13811.0,2
2.3518666121943608,0.1321678010265333,0.4709589657381345,13819.0,2
0.5969794662112947,-0.3489763958417757,-0.6066398864426509,13821.0,2
0.943485845354448,-0.8301205927100848,-0.8866947934489703,13826.0,2
0.7534662180823962,-0.8301205927100848,-0.6091957051616338,13833.0,2
1.3458803501658516,-0.3489763958417757,-0.7766232487303143,13837.0,2
1.804162980645506,-0.8301205927100848,-1.0359032046968564,13841.0,2
0.8652424694188972,0.1321678010265333,-0.6025562878190245,13856.0,2
2.620129615401963,-0.8301205927100848,-0.8700462759834167,13859.0,2
1.748274854977255,-0.8301205927100848,-0.7206665249331407,13863.0,2
1.0887949720918992,-0.3489763958417757,-0.433643799296298,13885.0,2
1.2564593490966507,-0.8301205927100848,-0.6581703320114184,13887.0,2
2.3071561116597605,-0.8301205927100848,0.0151236997966263,13893.0,2
2.620129615401963,-0.8301205927100848,-0.9346271031675496,13898.0,2
1.0217292212899989,0.1321678010265333,-0.0993170098829723,13900.0,2
0.8652424694188972,-0.3489763958417757,0.0458934726424822,13929.0,2
2.27362323625881,-0.8301205927100848,-0.7183534376008768,13932.0,2
1.927116857115657,-0.8301205927100848,0.1593347001414731,13934.0,2
0.9881963458890484,-0.8301205927100848,-0.6195760415230896,13936.0,2
0.8652424694188972,-0.8301205927100848,-0.930457834642728,13937.0,2
0.943485845354448,0.1321678010265333,-0.194267817040718,13951.0,2
0.6975780924141457,-0.3489763958417757,-0.6961363765576509,13955.0,2
2.4189323629962614,0.6133119978948424,-0.2084176290547521,13963.0,2
0.6081570913449449,-0.8301205927100848,-1.0420428809491615,13967.0,2
2.184202235189609,-0.8301205927100848,-0.7793218506179556,13973.0,2
1.289992224497601,-0.8301205927100848,-0.6461337108935268,13976.0,2
1.3570579752995016,-0.8301205927100848,-0.7127848940232044,13990.0,2
1.3347027250322014,-0.8301205927100848,-0.2496534081632588,14000.0,2
1.18939359829475,-0.3489763958417757,-0.1640548985526294,14009.0,2
2.0836036089867584,-0.8301205927100848,-0.6877978395080082,14012.0,2
0.7087557175477958,0.1321678010265333,-0.2550220553048095,14021.0,2
1.491189476903303,-0.8301205927100848,-0.5290229559600185,14022.0,2
2.161846984922309,-0.8301205927100848,-0.2625181716593684,14036.0,2
0.943485845354448,-0.3489763958417757,-0.947092073791416,14037.0,2
1.9494721073829573,-0.8301205927100848,-0.9553592192567296,14041.0,2
2.150669359788659,-0.8301205927100848,-0.9359692649529372,14046.0,2
2.3853994875953117,-0.8301205927100848,-0.5719578547755585,14048.0,2
1.9606497325166072,-0.8301205927100848,-0.8951190003998079,14059.0,2
1.9606497325166072,-0.8301205927100848,-0.939453174268199,14066.0,2
2.5530638646000625,-0.8301205927100848,-0.7776798441783855,14068.0,2
2.3518666121943608,-0.3489763958417757,0.1586493409319134,14081.0,2
2.6089519902683134,-0.8301205927100848,-1.0482967837363937,14090.0,2
0.5187360902757441,-0.8301205927100848,-0.8831966058168427,14100.0,2
0.7087557175477958,-0.3489763958417757,-0.8485574091003478,14104.0,2
1.6476762287744044,-0.8301205927100848,0.6506944184451576,14105.0,2
2.038893108452158,-0.3489763958417757,-0.6053691162415924,14114.0,2
0.5858018410776447,-0.8301205927100848,-1.0287640462639431,14117.0,2
2.541886239466413,-0.8301205927100848,-0.4706103616619225,14130.0,2
0.4740255897411436,-0.8301205927100848,-0.9919259887501112,14143.0,2
1.591788103106154,-0.8301205927100848,-0.9328137569255897,14148.0,2
1.4464789763687027,-0.8301205927100848,-0.5195707101948414,14149.0,2
1.6476762287744044,-0.3489763958417757,0.7640499760429534,14154.0,2
1.9494721073829573,-0.8301205927100848,-0.9877138852746922,14155.0,2
1.390590850700452,0.1321678010265333,0.4099477177704586,14161.0,2
0.9211305950871476,-0.3489763958417757,-0.7441115212268277,14162.0,2
2.061248358719458,-0.8301205927100848,-0.9853008497243674,14165.0,2
2.2959784865261104,0.6133119978948424,-0.3335527980668546,14176.0,2
1.2341040988293506,-0.3489763958417757,0.2876967687652526,14195.0,2
1.4129461009677522,-0.8301205927100848,-0.8925489033639591,14199.0,2
1.6476762287744044,-0.8301205927100848,-0.6887116517874212,14206.0,2
1.7370972298436054,-0.3489763958417757,-0.2543081394615182,14220.0,2
0.954663470488098,-0.8301205927100848,-0.1818171247337175,14222.0,2
1.0329068464236488,0.1321678010265333,0.1644891725300365,14231.0,2
2.620129615401963,-0.8301205927100848,-0.9475918148817198,14238.0,2
1.0329068464236488,-0.8301205927100848,-0.8521412666336703,14241.0,2
1.602965728239804,-0.3489763958417757,-0.7566907183856207,14242.0,2
1.4353013512350523,-0.3489763958417757,1.260692671586994,14245.0,2
2.0836036089867584,-0.8301205927100848,-0.961984358282473,14247.0,2
2.5307086143327626,-0.8301205927100848,-0.7252355863302051,14248.0,2
1.8824063565810565,-0.3489763958417757,0.226385676143394,14256.0,2
0.5634465908103444,-0.8301205927100848,-0.9859290956664638,14259.0,2
0.7087557175477958,-0.3489763958417757,-0.6804159496883759,14264.0,2
0.7981767186169966,0.1321678010265333,1.007666618407684,14267.0,2
1.5023671020369531,-0.8301205927100848,-0.9968948430194188,14271.0,2
1.1782159731611,-0.8301205927100848,-0.9658823387868436,14280.0,2
1.3570579752995016,-0.8301205927100848,-0.5481559005602259,14288.0,2
1.4688342266360028,-0.8301205927100848,-0.6097668378362668,14304.0,2
1.692386729309005,-0.8301205927100848,-0.7142698389772505,14311.0,2
1.289992224497601,-0.3489763958417757,-0.4750651965240604,14320.0,2
1.6812091041753547,-0.8301205927100848,-0.8947620424781622,14326.0,2
0.7981767186169966,-0.8301205927100848,-0.7122851529329006,14327.0,2
0.7758214683496963,-0.3489763958417757,-0.3173897433747393,14338.0,2
1.692386729309005,-0.8301205927100848,-0.7153264344253216,14339.0,2
1.4241237261014024,-0.8301205927100848,-0.9649399698736988,14340.0,2
1.8824063565810565,-0.8301205927100848,-0.5724718741827283,14348.0,2
2.038893108452158,-0.8301205927100848,-0.7532924789715539,14350.0,2
0.8205319688842968,-0.8301205927100848,-1.084449482040666,14351.0,2
1.379413225566802,-0.8301205927100848,-1.0279073472519935,14353.0,2
2.5530638646000625,-0.8301205927100848,-0.9359549866360714,14368.0,2
2.27362323625881,-0.8301205927100848,-1.0137718135548253,14371.0,2
1.0440844715572988,-0.8301205927100848,-0.8209288659649738,14375.0,2
1.1111502223591994,-0.3489763958417757,-0.2762253558505618,14377.0,2
2.2959784865261104,-0.8301205927100848,-0.9539456658870128,14386.0,2
1.4129461009677522,-0.8301205927100848,-1.0602477349530903,14393.0,2
0.6416899667458952,-0.8301205927100848,-0.3366940277773366,14400.0,2
2.452465238397212,-0.8301205927100848,0.3605161847809673,14411.0,2
1.4129461009677522,-0.8301205927100848,-0.7786079347746642,14423.0,2
2.363044237328011,-0.8301205927100848,-0.4856739859553695,14431.0,2
2.396577112728961,-0.8301205927100848,-0.9689378985961304,14438.0,2
2.5530638646000625,-0.8301205927100848,2.642533899544808,14439.0,2
1.2676369742303009,-0.3489763958417757,1.1127264739064346,14442.0,2
0.9993739710226984,0.1321678010265333,-0.4672692355153192,14450.0,2
1.0999725972255494,-0.8301205927100848,-0.9860290438845244,14453.0,2
2.452465238397212,-0.8301205927100848,-0.9950101051931296,14457.0,2
0.7087557175477958,-0.8301205927100848,1.4669715153475882,14459.0,2
1.7370972298436054,0.1321678010265333,0.3254486385584977,14465.0,2
1.8488734811801064,-0.8301205927100848,-0.881697382545931,14476.0,2
1.815340605779156,-0.3489763958417757,-0.7057171271746204,14479.0,2
0.8205319688842968,-0.3489763958417757,-0.2484397512296635,14481.0,2
2.1283141095213587,-0.8301205927100848,-0.9615131738259006,14483.0,2
1.289992224497601,-0.8301205927100848,-0.4956402511277163,14489.0,2
0.9323082202207978,-0.3489763958417757,-0.6704782411497608,14491.0,2
2.463642863530862,-0.3489763958417757,-0.3879389070087876,14496.0,2
2.4301099881299115,-0.8301205927100848,-0.4785205492055904,14497.0,2
1.0329068464236488,-0.3489763958417757,-0.7985833000699554,14501.0,2
1.077617346958249,-0.3489763958417757,-0.7642153913739113,14512.0,2
1.6141433533734542,0.6133119978948424,0.1746838907722365,14532.0,2
1.8824063565810565,-0.8301205927100848,-0.9131810712350782,14536.0,2
1.055262096690949,-0.8301205927100848,-1.0098452764167232,14542.0,2
0.6640452170131954,-0.3489763958417757,-0.2251803730552324,14548.0,2
2.452465238397212,-0.8301205927100848,-0.7442828610292176,14549.0,2
0.6752228421468455,-0.8301205927100848,-0.9227903784857794,14552.0,2
2.1171364843877085,-0.3489763958417757,-0.8459159204801701,14570.0,2
0.8652424694188972,0.6133119978948424,0.3177669040846829,14584.0,2
2.0724259838531083,-0.8301205927100848,-0.818358768929125,14586.0,2
2.396577112728961,-0.8301205927100848,-0.5956598607728303,14600.0,2
2.050070733585808,-0.8301205927100848,-0.2148999849118373,14603.0,2
1.692386729309005,0.1321678010265333,-0.5774550067689016,14616.0,2
1.7259196047099552,-0.8301205927100848,-0.5940749676007236,14619.0,2
1.278814599363951,-0.3489763958417757,-0.567888534468798,14620.0,2
1.0440844715572988,-0.8301205927100848,-0.6995346159717175,14622.0,2
1.16703834802745,-0.3489763958417757,0.1272513221439611,14625.0,2
1.915939231982007,-0.8301205927100848,-0.9936965000414736,14632.0,2
1.9494721073829573,-0.8301205927100848,-0.6648097493540277,14633.0,2
0.8764200945525473,-0.3489763958417757,-0.1666249955884781,14643.0,2
0.731110967815096,-0.3489763958417757,-0.3047248763147512,14645.0,2
1.2229264736957004,-0.8301205927100848,-0.8202435067554141,14647.0,2
0.8652424694188972,-0.3489763958417757,-0.7416984856765031,14656.0,2
1.6812091041753547,0.1321678010265333,0.640713874955945,14669.0,2
2.105958859254059,-0.3489763958417757,-0.5963309416655243,14670.0,2
1.602965728239804,-0.3489763958417757,-0.0641923503930395,14672.0,2
1.077617346958249,-0.3489763958417757,-1.0830216503540837,14682.0,2
1.312347474764901,-0.8301205927100848,-0.996209483809859,14689.0,2
1.9382944822493071,-0.8301205927100848,-0.9103967994462422,14693.0,2
1.4129461009677522,-0.3489763958417757,-0.8879655636500288,14697.0,2
1.3682356004331515,-0.8301205927100848,-1.001449626099617,14699.0,2
1.2005712234284005,-0.8301205927100848,-0.901687026158088,14705.0,2
0.619334716478595,-0.8301205927100848,-0.8996595051631405,14722.0,2
2.038893108452158,-0.8301205927100848,-0.773781863674015,14727.0,2
1.1782159731611,0.1321678010265333,0.9105312287694668,14740.0,2
1.7594524801109055,-0.8301205927100848,-0.6886545385199578,14747.0,2
2.2959784865261104,-0.8301205927100848,-1.0299063116132092,14760.0,2
1.927116857115657,-0.8301205927100848,-0.7281769196045654,14762.0,2
1.5694328528388537,-0.3489763958417757,0.0941113486983779,14770.0,2
2.1171364843877085,0.1321678010265333,-0.6059116922824938,14779.0,2
2.5530638646000625,-0.8301205927100848,-0.8715597775711942,14782.0,2
0.8317095940179469,-0.8301205927100848,-0.9695804228550924,14795.0,2
0.7869990934833465,0.1321678010265333,0.0500341845335718,14803.0,2
1.1782159731611,-0.8301205927100848,-0.7691128540588896,14816.0,2
1.2117488485620505,-0.3489763958417757,0.4281097368237895,14817.0,2
0.9881963458890484,0.1321678010265333,-0.6983209590381223,14823.0,2
1.9718273576502572,-0.8301205927100848,-1.0675296765546618,14840.0,2
0.6416899667458952,-0.8301205927100848,-0.7154977742277115,14847.0,2
2.463642863530862,-0.8301205927100848,-0.6921527261520853,14850.0,2
1.055262096690949,0.1321678010265333,-0.1431086077104621,14867.0,2
1.9047616068483568,-0.8301205927100848,-0.6900109786222114,14870.0,2
1.3235250998985513,-0.8301205927100848,-0.4152533271731136,14873.0,2
1.804162980645506,-0.8301205927100848,-0.6363958987910331,14886.0,2
1.289992224497601,-0.8301205927100848,-0.6301134393700696,14888.0,2
1.815340605779156,-0.8301205927100848,-0.977861846637272,14890.0,2
0.6305123416122451,-0.3489763958417757,-0.3657075676486959,14891.0,2
1.2676369742303009,-0.3489763958417757,-0.4879442383370358,14896.0,2
0.742288592948746,-0.3489763958417757,-0.2775104043684862,14905.0,2
1.3570579752995016,-0.3489763958417757,0.2388220901335287,14920.0,2
1.7259196047099552,-0.8301205927100848,-0.7145696836314328,14924.0,2
2.2959784865261104,-0.8301205927100848,1.3909965913045257,14935.0,2
1.804162980645506,-0.8301205927100848,-1.073755022708162,14957.0,2
0.619334716478595,0.1321678010265333,-0.4665838763057596,14958.0,2
2.005360233051208,-0.8301205927100848,-0.97636262336636,14962.0,2
1.7370972298436054,-0.8301205927100848,-0.8628357259661743,14964.0,2
1.7259196047099552,-0.8301205927100848,-1.0114587262225614,14981.0,2
1.18939359829475,-0.3489763958417757,-0.7403277672573837,14985.0,2
1.3458803501658516,-0.8301205927100848,-0.6796020856270238,14988.0,2
0.8764200945525473,-0.3489763958417757,-0.5649043662438402,14998.0,2
0.619334716478595,-0.8301205927100848,0.5857851899731107,15004.0,2
0.7534662180823962,-0.8301205927100848,-0.9332278281146986,15007.0,2
0.9099529699534976,-0.8301205927100848,-0.9144803980698684,15016.0,2
1.9606497325166072,-0.8301205927100848,-0.7962987693714233,15019.0,2
0.8764200945525473,-0.8301205927100848,-0.9003591426895661,15041.0,2
1.2005712234284005,-0.8301205927100848,-0.9631837368992022,15042.0,2
0.6752228421468455,-0.3489763958417757,-0.1068702395049946,15045.0,2
1.9941826079175573,-0.8301205927100848,-0.6666373739128535,15047.0,2
2.038893108452158,-0.8301205927100848,-0.984258532593162,15049.0,2
2.541886239466413,-0.8301205927100848,-0.8606654218025687,15052.0,2
2.050070733585808,-0.3489763958417757,0.969486399108464,15057.0,2
1.3570579752995016,-0.8301205927100848,-0.6278289086715374,15063.0,2
0.9770187207553982,-0.8301205927100848,0.4269531931576576,15069.0,2
0.9099529699534976,-0.8301205927100848,0.1004366430699391,15076.0,2
1.3570579752995016,0.6133119978948424,0.1215114387638989,15079.0,2
1.8488734811801064,-0.8301205927100848,-1.0313341432997918,15083.0,2
2.1283141095213587,-0.8301205927100848,-0.7190102401767048,15087.0,2
2.4189323629962614,-0.8301205927100848,-0.612808119328688,15090.0,2
1.379413225566802,-0.3489763958417757,-0.5035932736219816,15092.0,2
1.1782159731611,-0.3489763958417757,0.261338995830937,15104.0,2
2.452465238397212,1.5756003916314605,-0.7010766741932268,15107.0,2
1.7259196047099552,-0.8301205927100848,-0.4648419216481287,15109.0,2
0.4740255897411436,-0.8301205927100848,-0.8077357011809502,15118.0,2
1.7259196047099552,-0.8301205927100848,-0.7768945367507651,15119.0,2
0.4740255897411436,-0.8301205927100848,-0.6449343322767973,15120.0,2
0.8764200945525473,-0.8301205927100848,-0.685927379998585,15130.0,2
1.6476762287744044,-0.8301205927100848,-0.9587289020370646,15135.0,2
1.6588538539080546,-0.3489763958417757,-0.9017441394255512,15139.0,2
1.5023671020369531,-0.8301205927100848,-0.7868179669725144,15143.0,2
0.8205319688842968,-0.3489763958417757,0.7376922031086381,15146.0,2
1.6588538539080546,-0.8301205927100848,-0.2670158414721037,15147.0,2
2.5642414897337127,-0.8301205927100848,-0.9305292262270574,15167.0,2
2.586596740001013,-0.8301205927100848,-0.9634407466027872,15174.0,2
1.8824063565810565,-0.8301205927100848,-1.099441714749784,15178.0,2
0.6975780924141457,-0.3489763958417757,-0.2679439320683824,15182.0,2
1.491189476903303,-0.8301205927100848,-0.6843996000939415,15210.0,2
1.6700314790417046,-0.8301205927100848,-1.011915632362268,15212.0,2
2.541886239466413,-0.3489763958417757,-0.6884403637669704,15213.0,2
0.943485845354448,-0.8301205927100848,-0.7207093598837382,15219.0,2
2.541886239466413,-0.8301205927100848,-0.3219873614055354,15222.0,2
1.5023671020369531,-0.3489763958417757,-0.0781851009215493,15223.0,2
1.591788103106154,-0.8301205927100848,-0.5727146055694473,15225.0,2
2.452465238397212,-0.8301205927100848,-0.9367974073311552,15226.0,2
1.6476762287744044,-0.3489763958417757,-0.5438724055004779,15230.0,2
2.0724259838531083,-0.8301205927100848,-0.8759860557996004,15234.0,2
2.3183337367934107,-0.8301205927100848,-0.6988635350790237,15236.0,2
1.6364986036407545,-0.3489763958417757,-0.4231492363999156,15246.0,2
0.6416899667458952,-0.8301205927100848,-1.0166988685123195,15256.0,2
2.139491734655009,-0.8301205927100848,-0.7044320786566961,15257.0,2
0.8652424694188972,-0.3489763958417757,-0.2675013042455418,15258.0,2
0.4852032148747937,-0.8301205927100848,-0.7934288276813922,15261.0,2
2.597774365134663,-0.8301205927100848,-0.901758417742417,15262.0,2
0.8987753448198476,-0.8301205927100848,-0.9957525776701524,15280.0,2
1.2229264736957004,-0.8301205927100848,-0.9025580034869034,15292.0,2
2.21773511059056,-0.8301205927100848,-0.3376649533242128,15303.0,2
2.038893108452158,-0.8301205927100848,-0.7139699943230681,15308.0,2
1.2005712234284005,-0.8301205927100848,-0.6889829398078718,15314.0,2
2.6313072405356133,-0.8301205927100848,-0.921676669770245,15316.0,2
2.150669359788659,-0.8301205927100848,-0.8652773181502306,15319.0,2
1.3011698496312512,-0.8301205927100848,0.3113416614950611,15333.0,2
0.731110967815096,0.1321678010265333,-0.6563569857694584,15334.0,2
0.742288592948746,-0.3489763958417757,-0.4948835003338275,15349.0,2
1.826518230912806,-0.3489763958417757,-0.0576671595853567,15353.0,2
1.3682356004331515,-0.3489763958417757,-0.3050675559195311,15381.0,2
0.8764200945525473,-0.3489763958417757,-0.240015544278826,15384.0,2
1.055262096690949,-0.8301205927100848,-0.5945033171066985,15386.0,2
1.9941826079175573,-0.8301205927100848,-0.9566014328240564,15388.0,2
0.8987753448198476,-0.8301205927100848,-0.44335305476506,15389.0,2
2.620129615401963,-0.8301205927100848,-1.003848383333076,15395.0,2
2.21773511059056,-0.8301205927100848,-1.0230527195176125,15397.0,2
0.6416899667458952,-0.3489763958417757,-0.2623468318569785,15402.0,2
1.0887949720918992,-0.8301205927100848,-0.6588128562703806,15405.0,2
1.927116857115657,-0.8301205927100848,-0.7757808280352305,15408.0,2
0.8875977196861974,-0.8301205927100848,-0.8852241268117902,15412.0,2
2.474820488664512,-0.8301205927100848,-0.3582400079278687,15415.0,2
2.586596740001013,-0.3489763958417757,-1.0177697422772567,15422.0,2
1.815340605779156,-0.3489763958417757,-0.609923899321791,15424.0,2
1.3682356004331515,-0.3489763958417757,-0.395806259601858,15433.0,2
1.9047616068483568,-0.8301205927100848,-0.8714741076699993,15437.0,2
0.4404927143401933,-0.8301205927100848,-0.933699012571271,15438.0,2
1.7594524801109055,-0.8301205927100848,-0.3091368762262916,15442.0,2
1.927116857115657,-0.8301205927100848,-0.995210001629251,15445.0,2
2.474820488664512,-0.8301205927100848,-0.4510062326051429,15448.0,2
2.139491734655009,0.1321678010265333,-0.5367475253844305,15456.0,2
1.9047616068483568,-0.8301205927100848,-0.818772840118234,15457.0,2
0.7758214683496963,0.6133119978948424,-0.835635532336775,15483.0,2
0.8987753448198476,-0.8301205927100848,-0.4778209116791649,15507.0,2
0.7199333426814459,-0.3489763958417757,-0.9845012639798812,15512.0,2
1.580610477972504,-0.8301205927100848,-0.7759950027882181,15517.0,2
1.815340605779156,-0.8301205927100848,-0.8298242573723835,15528.0,2
0.9099529699534976,0.6133119978948424,-0.4392123428739704,15535.0,2
0.7981767186169966,-0.8301205927100848,-0.9988938073806344,15537.0,2
2.1953798603232597,-0.8301205927100848,-0.9747063386099244,15543.0,2
1.401768475834102,-0.8301205927100848,-1.0285927064615532,15552.0,2
2.0836036089867584,-0.8301205927100848,-0.847143855730631,15554.0,2
0.965841095621748,0.6133119978948424,-0.1925686973336847,15574.0,2
0.6640452170131954,0.1321678010265333,-0.7876318310338666,15577.0,2
0.7869990934833465,-0.8301205927100848,-0.9757914906917272,15578.0,2
0.954663470488098,-0.8301205927100848,-0.507177131155304,15585.0,2
1.837695856046456,0.1321678010265333,-0.4740086010759892,15589.0,2
1.0329068464236488,-0.8301205927100848,-0.7310896962451939,15609.0,2
0.5522689656766944,-0.8301205927100848,-0.7274487254444082,15623.0,2
0.4740255897411436,-0.8301205927100848,-0.5499835251190517,15639.0,2
1.1223278474928495,0.1321678010265333,-0.2091886581655067,15643.0,2
0.8317095940179469,0.6133119978948424,-0.0099490246197649,15644.0,2
0.742288592948746,0.1321678010265333,-0.518114321874527,15646.0,2
1.2564593490966507,-0.3489763958417757,-0.2441705344867814,15648.0,2
1.692386729309005,-0.8301205927100848,-0.3567265063400912,15655.0,2
1.0999725972255494,1.0944561947631517,0.3049735321729028,15658.0,2
2.5195309891991124,-0.3489763958417757,-0.7149266415530784,15661.0,2
1.4129461009677522,-0.8301205927100848,-1.0482967837363937,15668.0,2
2.2959784865261104,-0.8301205927100848,-0.9101826246932548,15670.0,2
1.7929853555118558,-0.8301205927100848,-0.9619415233318755,15691.0,2
1.9606497325166072,-0.3489763958417757,-0.5718864631912294,15695.0,2
0.8987753448198476,-0.3489763958417757,-0.162527118647986,15700.0,2
1.9382944822493071,-0.8301205927100848,-0.8552824963441521,15703.0,2
1.2229264736957004,-0.8301205927100848,-0.9529461837064048,15705.0,2
2.150669359788659,-0.8301205927100848,-0.9670103258192438,15709.0,2
0.5746242159439946,-0.3489763958417757,-0.6479613354523526,15713.0,2
1.591788103106154,-0.8301205927100848,-0.94266579556301,15717.0,2
1.2229264736957004,-0.3489763958417757,-0.8456446324597193,15724.0,2
1.3570579752995016,-0.8301205927100848,-1.0359032046968564,15729.0,2
1.3458803501658516,-0.3489763958417757,-0.7373150423986943,15732.0,2
2.139491734655009,-0.8301205927100848,-0.9255318153240182,15733.0,2
0.4740255897411436,-0.8301205927100848,-0.8761573956019904,15746.0,2
2.3853994875953117,-0.8301205927100848,-1.0441846284790357,15753.0,2
1.4129461009677522,0.1321678010265333,-0.7959703680835093,15759.0,2
1.714741979576305,-0.8301205927100848,-1.007489354133862,15775.0,2
0.4628479646074935,-0.8301205927100848,-0.812276205944283,15776.0,2
1.6700314790417046,0.6133119978948424,0.337827939281169,15777.0,2
1.0329068464236488,0.1321678010265333,-0.4786490540573828,15780.0,2
0.6528675918795452,-0.8301205927100848,-0.2862772909241036,15795.0,2
0.5746242159439946,-0.8301205927100848,-0.5127171180992447,15802.0,2
1.3011698496312512,-0.3489763958417757,0.7044951163955914,15813.0,2
2.5530638646000625,-0.8301205927100848,-0.8617362955675056,15820.0,2
0.8987753448198476,-0.8301205927100848,-0.3963202790090276,15825.0,2
1.815340605779156,-0.8301205927100848,0.0375263789591078,15832.0,2
2.374221862461661,-0.8301205927100848,-0.9874283189373756,15843.0,2
1.0664397218245991,-0.3489763958417757,-0.9278020677056844,15852.0,2
2.0724259838531083,-0.3489763958417757,-0.9436081644761544,15869.0,2
2.463642863530862,1.0944561947631517,-0.44136836872071,15881.0,2
1.2005712234284005,0.6133119978948424,-0.4199937283725679,15882.0,2
0.731110967815096,-0.3489763958417757,-0.5574796414736105,15889.0,2
1.5135447271706033,-0.8301205927100848,-0.4266759806657747,15891.0,2
1.804162980645506,-0.3489763958417757,-0.7885313649964136,15894.0,2
0.6528675918795452,-0.8301205927100848,-0.901444294771369,15895.0,2
1.1446830977601496,-0.3489763958417757,-0.8594374865521076,15897.0,2
0.9211305950871476,-0.8301205927100848,-0.8832108841337085,15909.0,2
0.965841095621748,-0.3489763958417757,-0.7794360771528822,15912.0,2
1.748274854977255,-0.8301205927100848,-0.9815028174380576,15917.0,2
1.1111502223591994,-0.3489763958417757,-0.6800447134498645,15918.0,2
0.6975780924141457,0.6133119978948424,-0.9181070905537884,15920.0,2
0.9099529699534976,-0.8301205927100848,-0.69603642833959,15921.0,2
1.1446830977601496,-0.8301205927100848,-0.8614935641807866,15925.0,2
1.6476762287744044,-0.3489763958417757,-0.5620629811875408,15935.0,2
2.452465238397212,-0.8301205927100848,-1.1061525236767225,15940.0,2
0.4740255897411436,-0.8301205927100848,-0.6754613737359342,15942.0,2
2.0724259838531083,-0.8301205927100848,-0.693080816748364,15944.0,2
2.374221862461661,-0.8301205927100848,-0.708786965300773,15970.0,2
0.8205319688842968,-0.3489763958417757,-0.54667095560618,15976.0,2
1.3347027250322014,-0.8301205927100848,-1.012486765036901,16006.0,2
1.7259196047099552,0.1321678010265333,-0.5969877442413523,16010.0,2
1.8824063565810565,-0.8301205927100848,-0.2968146887710834,16022.0,2
2.4412876132635617,-0.8301205927100848,-0.6843139301927466,16030.0,2
1.16703834802745,0.1321678010265333,-0.5323069688391586,16034.0,2
1.9941826079175573,0.1321678010265333,0.0635557506055094,16037.0,2
0.9211305950871476,-0.8301205927100848,-0.9603709084766346,16050.0,2
0.5969794662112947,-0.8301205927100848,-0.037991638944248,16054.0,2
1.4464789763687027,-0.8301205927100848,-0.9647971867050408,16055.0,2
1.8824063565810565,-0.8301205927100848,-0.6784883769114894,16063.0,2
2.1953798603232597,-0.8301205927100848,-0.3229582869524117,16072.0,2
2.2959784865261104,-0.8301205927100848,-0.9825022996186656,16073.0,2
2.150669359788659,-0.8301205927100848,-1.0441846284790357,16078.0,2
2.3183337367934107,-0.8301205927100848,-0.5344772730027642,16084.0,2
0.7087557175477958,-0.3489763958417757,-0.7074162468816537,16091.0,2
1.927116857115657,-0.8301205927100848,-0.6994775027042542,16096.0,2
1.6588538539080546,-0.8301205927100848,-0.893048644454263,16097.0,2
1.7594524801109055,-0.8301205927100848,-0.6761467329454939,16105.0,2
1.4241237261014024,-0.3489763958417757,-0.283607245670194,16109.0,2
1.0217292212899989,-0.8301205927100848,-0.926845420475674,16113.0,2
0.8875977196861974,-0.8301205927100848,-0.9634407466027872,16114.0,2
1.3458803501658516,-0.8301205927100848,-0.2823221971522697,16116.0,2
1.0999725972255494,-0.8301205927100848,-0.8257121021150255,16117.0,2
2.5195309891991124,-0.8301205927100848,-0.801738808097303,16124.0,2
1.915939231982007,-0.8301205927100848,-0.4182946086655347,16135.0,2
1.7706301052445557,-0.8301205927100848,-0.3928934829612294,16142.0,2
1.7370972298436054,-0.8301205927100848,-0.907112786567102,16144.0,2
0.731110967815096,0.1321678010265333,-0.109054821985466,16146.0,2
0.4740255897411436,-0.8301205927100848,-0.6218320155878903,16147.0,2
2.28480086139246,-0.8301205927100848,-1.0482967837363937,16148.0,2
1.983004982783908,-0.8301205927100848,1.4542923699707342,16152.0,2
2.1283141095213587,-0.8301205927100848,-0.660097904788305,16159.0,2
1.7929853555118558,-0.8301205927100848,-1.10386799297819,16162.0,2
1.5694328528388537,-0.3489763958417757,0.0658117246703101,16163.0,2
0.5187360902757441,-0.8301205927100848,-0.8747010072816761,16178.0,2
1.6253209785071043,-0.8301205927100848,-0.7082872242104692,16193.0,2
0.8875977196861974,0.1321678010265333,0.3601592268593216,16214.0,2
1.9606497325166072,-0.8301205927100848,0.1490971469486756,16216.0,2
1.602965728239804,-0.3489763958417757,-0.7228511074136121,16217.0,2
2.5307086143327626,-0.8301205927100848,-0.0527696969003782,16222.0,2
1.2452817239630007,0.1321678010265333,-0.7930004781754173,16226.0,2
1.491189476903303,-0.8301205927100848,-0.7086156254983831,16227.0,2
1.0999725972255494,-0.3489763958417757,-0.3833412889779916,16230.0,2
1.3458803501658516,-0.3489763958417757,1.0169618026873368,16244.0,2
0.8764200945525473,-0.8301205927100848,-0.9936965000414736,16247.0,2
1.8935839817147069,-0.3489763958417757,-0.6012141260336369,16250.0,2
1.9606497325166072,-0.8301205927100848,-0.0829255021210036,16256.0,2
0.954663470488098,-0.8301205927100848,-1.0902322003713258,16257.0,2
1.1782159731611,-0.8301205927100848,-0.3578687716893572,16275.0,2
0.954663470488098,-0.8301205927100848,0.0001314670875087,16276.0,2
0.8764200945525473,-0.8301205927100848,-0.9538028827183545,16287.0,2
1.983004982783908,-0.8301205927100848,-0.7262065118770813,16297.0,2
0.5299137154093941,-0.8301205927100848,-0.641507536228999,16305.0,2
1.3682356004331515,1.5756003916314605,-0.2544937575807739,16306.0,2
1.4129461009677522,-0.8301205927100848,-0.5798537640023604,16319.0,2
0.8987753448198476,-0.3489763958417757,0.3254771951922293,16320.0,2
1.16703834802745,-0.8301205927100848,-0.8609938230904827,16323.0,2
0.731110967815096,-0.8301205927100848,-0.8505706517784295,16338.0,2
2.150669359788659,-0.8301205927100848,-1.0229813279332836,16339.0,2
0.742288592948746,-0.8301205927100848,-1.0129151145428756,16344.0,2
2.22891273572421,-0.8301205927100848,-1.0808799028242095,16349.0,2
1.18939359829475,0.1321678010265333,-0.8548969817887748,16356.0,2
1.9606497325166072,-0.8301205927100848,-0.1917691115891984,16377.0,2
1.7370972298436054,0.1321678010265333,-0.6390373874112111,16378.0,2
2.586596740001013,-0.8301205927100848,-1.022538700110443,16387.0,2
1.9941826079175573,-0.8301205927100848,-0.8461586518668891,16392.0,2
1.9382944822493071,-0.3489763958417757,-0.7382716896287046,16402.0,2
2.463642863530862,-0.8301205927100848,-0.903828773687962,16403.0,2
2.3518666121943608,-0.3489763958417757,-0.918464048475434,16405.0,2
1.1111502223591994,-0.8301205927100848,-0.9665676979964032,16424.0,2
2.3518666121943608,-0.8301205927100848,-0.7250642465278152,16425.0,2
1.915939231982007,-0.3489763958417757,-0.8130757916887693,16427.0,2
1.3570579752995016,0.1321678010265333,-0.2673299644431519,16431.0,2
0.4963808400084438,-0.8301205927100848,-0.791872491143017,16447.0,2
1.18939359829475,-0.8301205927100848,-0.8959899777286232,16448.0,2
1.18939359829475,-0.3489763958417757,-0.146806691778711,16449.0,2
0.6528675918795452,-0.8301205927100848,-0.7118996383775232,16450.0,2
1.4129461009677522,-0.8301205927100848,-0.8597658878400216,16457.0,2
0.965841095621748,-0.8301205927100848,-0.9532031934099896,16461.0,2
2.050070733585808,-0.8301205927100848,-0.8375059918461982,16471.0,2
0.8205319688842968,0.1321678010265333,-0.7059170236107419,16473.0,2
1.1223278474928495,-0.8301205927100848,-0.9583005525310896,16483.0,2
0.9211305950871476,-0.3489763958417757,-0.5799965471710188,16484.0,2
2.2959784865261104,-0.8301205927100848,0.02287682585477,16494.0,2
0.7758214683496963,-0.3489763958417757,-1.0131007326621315,16498.0,2
2.2959784865261104,-0.8301205927100848,-0.6379665136462741,16509.0,2
2.0724259838531083,-0.8301205927100848,-0.924960682649385,16517.0,2
1.055262096690949,0.1321678010265333,0.3370569101704144,16520.0,2
0.8987753448198476,-0.8301205927100848,-0.742683689540245,16526.0,2
1.0999725972255494,-0.8301205927100848,-0.5072485227396332,16529.0,2
0.8205319688842968,-0.8301205927100848,-0.6728056067988905,16545.0,2
2.22891273572421,-0.3489763958417757,-0.0333511859628544,16546.0,2
1.692386729309005,-0.3489763958417757,-0.6150783717103543,16552.0,2
1.1446830977601496,-0.3489763958417757,0.0786622098495538,16567.0,2
1.0217292212899989,-0.8301205927100848,-1.006147192348474,16581.0,2
1.7594524801109055,-0.8301205927100848,-0.4948263870663642,16586.0,2
1.5694328528388537,-0.8301205927100848,-0.8357925938222991,16587.0,2
2.17302461005596,-0.8301205927100848,-0.9501619119175688,16598.0,2
1.4241237261014024,-0.8301205927100848,-1.0492391526495382,16610.0,2
1.055262096690949,-0.8301205927100848,-0.9723789729607946,16611.0,2
1.0217292212899989,-0.8301205927100848,-0.4345147766251134,16614.0,2
1.6141433533734542,-0.8301205927100848,-0.9404526564488068,16617.0,2
1.927116857115657,-0.8301205927100848,-0.8342790922345215,16619.0,2
1.7259196047099552,-0.8301205927100848,-0.9724360862282578,16623.0,2
2.050070733585808,-0.8301205927100848,-0.6816867198894345,16625.0,2
1.4688342266360028,-0.3489763958417757,-0.8461443735500233,16634.0,2
1.7259196047099552,-0.8301205927100848,-0.4611866725304772,16643.0,2
0.965841095621748,-0.3489763958417757,0.0332286055824941,16644.0,2
0.8764200945525473,-0.3489763958417757,-0.8516272472265006,16647.0,2
1.0887949720918992,-0.8301205927100848,-1.101412122477268,16659.0,2
1.837695856046456,-0.3489763958417757,0.66464433402307,16692.0,2
1.6700314790417046,-0.8301205927100848,-0.996280875394188,16697.0,2
1.5135447271706033,-0.3489763958417757,1.6955388117357375,16698.0,2
1.4241237261014024,0.1321678010265333,0.4548387459966165,16714.0,2
1.9606497325166072,-0.3489763958417757,0.1294930178918959,16716.0,2
1.9047616068483568,-0.8301205927100848,-0.7396709646815556,16721.0,2
2.3518666121943608,2.056744588499769,-0.0745869650713611,16725.0,2
2.3071561116597605,-0.8301205927100848,-1.151914529231696,16738.0,2
0.954663470488098,-0.8301205927100848,-0.6960792632901875,16739.0,2
1.379413225566802,-0.8301205927100848,-0.8154459922884965,16756.0,2
2.541886239466413,-0.8301205927100848,-1.0047336389787571,16757.0,2
1.2005712234284005,-0.8301205927100848,-0.2836500806207914,16763.0,2
2.26244561112516,-0.8301205927100848,-1.108722620712571,16765.0,2
2.027715483318508,-0.3489763958417757,0.4784550820926934,16766.0,2
1.8824063565810565,-0.8301205927100848,-0.6410506300892925,16769.0,2
2.1283141095213587,-0.3489763958417757,-0.9996648364913888,16792.0,2
0.9211305950871476,-0.3489763958417757,-0.4996239015332819,16805.0,2
1.1223278474928495,-0.8301205927100848,-0.7152978777915899,16810.0,2
1.5135447271706033,-0.8301205927100848,-0.6455625782188937,16823.0,2
0.731110967815096,-0.8301205927100848,-0.8756719328285523,16829.0,2
1.0329068464236488,0.1321678010265333,-0.8729162176734477,16832.0,2
1.5247223523042532,-0.8301205927100848,-0.5669176089219218,16834.0,2
1.1782159731611,-0.3489763958417757,-0.3164902094121922,16838.0,2
1.0664397218245991,-0.8301205927100848,-0.9794039048587811,16849.0,2
0.5969794662112947,-0.3489763958417757,-0.0895220845130156,16859.0,2
1.0664397218245991,-0.3489763958417757,-0.7682133200963426,16883.0,2
1.1558607228937998,0.1321678010265333,1.0968061506010385,16889.0,2
2.3183337367934107,-0.3489763958417757,-0.7435118319184629,16897.0,2
2.21773511059056,-0.8301205927100848,-0.995295671530446,16913.0,2
2.0724259838531083,-0.8301205927100848,-0.598244236125545,16917.0,2
1.3458803501658516,0.1321678010265333,0.0088840753262601,16943.0,2
1.6141433533734542,-0.8301205927100848,-0.5768838740942686,16947.0,2
1.0440844715572988,0.6133119978948424,-0.4166954371765621,16955.0,2
1.6476762287744044,-0.3489763958417757,-0.562377104158589,16957.0,2
1.0664397218245991,-0.8301205927100848,-0.99942210510467,16963.0,2
1.5135447271706033,-0.8301205927100848,-0.8700034410328191,16965.0,2
1.0887949720918992,-0.8301205927100848,-0.7017620334027865,16967.0,2
1.9606497325166072,-0.8301205927100848,-0.7981406722471148,16976.0,2
1.826518230912806,-0.3489763958417757,0.311198878326403,16980.0,2
1.4241237261014024,-0.8301205927100848,-0.901687026158088,16990.0,2
2.1953798603232597,0.1321678010265333,-0.1549310540753663,16997.0,2
0.6528675918795452,0.6133119978948424,-0.7360585505145015,16998.0,2
1.0440844715572988,-0.3489763958417757,-0.9361977180227904,17026.0,2
1.7259196047099552,-0.3489763958417757,-0.5382610269722081,17035.0,2
0.5187360902757441,-0.8301205927100848,-0.5151301536495694,17040.0,2
0.731110967815096,-0.8301205927100848,-0.2405723986365932,17046.0,2
1.1446830977601496,-0.8301205927100848,-0.8133185230754884,17051.0,2
1.9494721073829573,-0.8301205927100848,-0.8228136037912629,17060.0,2
2.485998113798162,0.6133119978948424,-0.3957634246512604,17062.0,2
2.575419114867363,-0.8301205927100848,-0.7260637287084231,17094.0,2
1.9047616068483568,-0.8301205927100848,-1.1208591900485234,17102.0,2
0.7534662180823962,-0.3489763958417757,-0.2066471177633896,17105.0,2
0.8205319688842968,-0.8301205927100848,-0.9241039836374356,17110.0,2
2.1953798603232597,-0.8301205927100848,-0.9913548560754778,17117.0,2
2.5307086143327626,-0.8301205927100848,-0.9330707666291744,17118.0,2
1.580610477972504,-0.8301205927100848,-0.7182677676996818,17120.0,2
0.7869990934833465,-0.8301205927100848,-0.6642386166793948,17123.0,2
1.0440844715572988,-0.8301205927100848,-0.7371437025963044,17124.0,2
2.061248358719458,-0.8301205927100848,-0.6139789413116856,17138.0,2
1.7370972298436054,-0.8301205927100848,-0.5088619725454716,17140.0,2
1.6476762287744044,-0.8301205927100848,-0.3305543515250312,17142.0,2
1.1558607228937998,0.1321678010265333,1.2550527364249924,17152.0,2
2.150669359788659,-0.8301205927100848,-0.9307005660294472,17165.0,2
2.206557485456909,-0.8301205927100848,-0.8361352734270789,17171.0,2
1.4129461009677522,-0.8301205927100848,-1.0717417800300806,17174.0,2
1.2341040988293506,-0.8301205927100848,-0.7201667838428367,17176.0,2
0.965841095621748,0.1321678010265333,-0.1409525818637223,17179.0,2
1.5135447271706033,-0.8301205927100848,-0.866062625577851,17187.0,2
2.038893108452158,-0.3489763958417757,-0.7822917405260474,17194.0,2
1.804162980645506,-0.8301205927100848,-0.8333652799551086,17212.0,2
1.591788103106154,-0.8301205927100848,-0.995210001629251,17217.0,2
2.4412876132635617,-0.3489763958417757,-0.5620201462369434,17223.0,2
2.4301099881299115,-0.8301205927100848,-0.5954314077029771,17226.0,2
1.0217292212899989,-0.8301205927100848,-0.9432512065545088,17234.0,2
2.474820488664512,-0.8301205927100848,-0.6111232779385204,17239.0,2
1.2676369742303009,-0.8301205927100848,-0.9124671553917868,17245.0,2
0.6305123416122451,-0.3489763958417757,-0.327370286863952,17259.0,2
1.3011698496312512,-0.8301205927100848,-1.066687255859578,17263.0,2
1.5247223523042532,-0.3489763958417757,0.3638715892444367,17277.0,2
1.6700314790417046,-0.8301205927100848,-0.8059651898895878,17278.0,2
2.4189323629962614,-0.8301205927100848,-0.3708192050866616,17291.0,2
2.105958859254059,-0.8301205927100848,-1.0190547907951812,17325.0,2
2.3518666121943608,-0.3489763958417757,-0.7188960136417782,17334.0,2
0.731110967815096,0.1321678010265333,-0.1830736166179102,17341.0,2
0.9770187207553982,-0.8301205927100848,-1.0169844348496364,17349.0,2
2.463642863530862,-0.8301205927100848,-0.9028007348736224,17356.0,2
2.363044237328011,-0.3489763958417757,-0.6420929472204979,17358.0,2
1.6476762287744044,-0.3489763958417757,-0.7114570105546826,17362.0,2
1.6364986036407545,-0.8301205927100848,-0.9180356989694592,17367.0,2
1.4241237261014024,-0.3489763958417757,-0.4493927827993045,17374.0,2
1.2005712234284005,0.1321678010265333,-0.5859934402546658,17375.0,2
0.8093543437506467,-0.3489763958417757,-0.4307881359231327,17391.0,2
2.407754737862611,-0.3489763958417757,-0.5614775701960419,17392.0,2
1.4241237261014024,-0.8301205927100848,-0.8661768521127777,17394.0,2
0.7981767186169966,-0.8301205927100848,-1.1106501934894577,17408.0,2
1.0440844715572988,-0.3489763958417757,-0.0551970107675687,17409.0,2
2.474820488664512,-0.8301205927100848,-0.5814243788576015,17431.0,2
1.815340605779156,-0.8301205927100848,-0.6026276794033536,17438.0,2
0.731110967815096,0.1321678010265333,-0.8910925150436447,17440.0,2
1.4353013512350523,-0.8301205927100848,-0.3944640978164703,17443.0,2
0.954663470488098,-0.3489763958417757,-0.9846440471485396,17446.0,2
1.1223278474928495,0.6133119978948424,-0.4183231652992663,17454.0,2
1.2564593490966507,-0.8301205927100848,-0.9692234649334468,17455.0,2
0.742288592948746,-0.8301205927100848,-0.743254822214878,17464.0,2
1.1111502223591994,0.1321678010265333,-0.1612991833975249,17472.0,2
1.8935839817147069,-0.8301205927100848,-0.5906053366023278,17486.0,2
1.748274854977255,-0.8301205927100848,-0.6224459832131207,17492.0,2
2.21773511059056,-0.8301205927100848,-0.267901097117785,17499.0,2
1.4464789763687027,-0.3489763958417757,-0.7451966733086304,17501.0,2
0.7869990934833465,-0.3489763958417757,0.4787977616974733,17505.0,2
1.9047616068483568,-0.3489763958417757,-0.2926025852956646,17507.0,2
2.1171364843877085,-0.8301205927100848,-0.6042554075260579,17508.0,2
2.4301099881299115,-0.8301205927100848,-0.9374684882238488,17517.0,2
1.0999725972255494,-0.8301205927100848,-0.733631236647311,17531.0,2
2.105958859254059,-0.8301205927100848,-0.9225333687821946,17535.0,2
0.954663470488098,-0.8301205927100848,-1.048039774032809,17536.0,2
1.9941826079175573,-0.8301205927100848,-0.9134666375723948,17542.0,2
1.591788103106154,-0.8301205927100848,-1.009773884832394,17548.0,2
1.1782159731611,0.1321678010265333,-0.7758093846689622,17550.0,2
1.278814599363951,-0.8301205927100848,-0.9318142747449818,17556.0,2
1.692386729309005,-0.8301205927100848,-0.8921919454423135,17574.0,2
1.4129461009677522,-0.8301205927100848,-0.952432164299235,17578.0,2
1.804162980645506,0.1321678010265333,-0.8492570466267734,17580.0,2
1.6141433533734542,-0.8301205927100848,-0.9070128383490412,17582.0,2
1.3682356004331515,-0.8301205927100848,1.7617473670425747,17597.0,2
1.6476762287744044,-0.8301205927100848,-0.9916261440959286,17601.0,2
1.401768475834102,-0.3489763958417757,-0.7155548874951748,17604.0,2
0.9211305950871476,0.1321678010265333,-0.341691438680376,17616.0,2
2.463642863530862,-0.8301205927100848,-0.85118461940366,17619.0,2
0.8764200945525473,-0.3489763958417757,-0.4382128606933625,17630.0,2
2.061248358719458,-0.8301205927100848,-1.002349160062164,17639.0,2
1.4241237261014024,0.1321678010265333,0.2825422963766892,17646.0,2
2.0724259838531083,-0.8301205927100848,-0.9894272832985914,17654.0,2
0.5522689656766944,-0.8301205927100848,-0.9020439840797336,17660.0,2
1.5247223523042532,-0.8301205927100848,-0.8635639201263314,17670.0,2
1.927116857115657,-0.8301205927100848,-0.7316179939692296,17678.0,2
0.5075584651420939,-0.8301205927100848,-0.8710314798471587,17693.0,2
0.5634465908103444,-0.8301205927100848,-0.7530211909511033,17694.0,2
1.6141433533734542,-0.8301205927100848,-0.6733053478891945,17697.0,2
1.8935839817147069,-0.8301205927100848,-0.9360263782204004,17698.0,2
1.804162980645506,-0.8301205927100848,-0.5605066446491658,17701.0,2
0.8652424694188972,-0.3489763958417757,0.1066334325897078,17704.0,2
1.0440844715572988,-0.3489763958417757,-0.9396673490211864,17707.0,2
1.077617346958249,-0.3489763958417757,-0.781277980028574,17708.0,2
0.8764200945525473,-0.8301205927100848,-0.9610134327355968,17709.0,2
2.5642414897337127,-0.8301205927100848,-0.9388106500092368,17714.0,2
1.2229264736957004,-0.8301205927100848,-0.6912246355558066,17715.0,2
1.5694328528388537,-0.8301205927100848,-0.9583005525310896,17718.0,2
1.6588538539080546,-0.8301205927100848,-0.9998504546106446,17746.0,2
0.965841095621748,-0.3489763958417757,-0.1941678688226573,17749.0,2
1.915939231982007,-0.8301205927100848,-1.1358514227576413,17763.0,2
0.7534662180823962,0.1321678010265333,-0.6323551351180042,17765.0,2
1.2005712234284005,1.0944561947631517,0.475128234262956,17770.0,2
1.826518230912806,-0.8301205927100848,-1.07673919093312,17775.0,2
0.7534662180823962,-0.3489763958417757,-0.8888079843451125,17781.0,2
2.1171364843877085,-0.8301205927100848,-0.8347217200573621,17789.0,2
0.9881963458890484,-0.3489763958417757,-0.6677653609452538,17795.0,2
2.3183337367934107,-0.8301205927100848,0.1124161509203675,17829.0,2
2.363044237328011,-0.8301205927100848,-0.8638780430973796,17843.0,2
1.4129461009677522,0.6133119978948424,-0.2922884623246163,17849.0,2
1.0440844715572988,-0.3489763958417757,-0.7128420072906678,17854.0,2
2.3853994875953117,-0.8301205927100848,-0.9546310250965724,17859.0,2
2.597774365134663,-0.8301205927100848,-0.6847993929661848,17862.0,2
0.5746242159439946,-0.8301205927100848,-0.686584182574413,17866.0,2
1.2676369742303009,-0.8301205927100848,-0.934669938118147,17871.0,2
1.0440844715572988,1.5756003916314605,-0.1814030535446084,17874.0,2
0.8764200945525473,-0.8301205927100848,-0.8180018110074794,17877.0,2
0.9211305950871476,-0.8301205927100848,-0.9023723853676476,17879.0,2
2.374221862461661,-0.8301205927100848,-0.9668675426505856,17881.0,2
1.3458803501658516,-0.3489763958417757,-0.8697464313292342,17889.0,2
2.586596740001013,-0.3489763958417757,-0.3192887595178942,17890.0,2
0.7869990934833465,-0.8301205927100848,-0.8661911304296435,17891.0,2
1.491189476903303,-0.8301205927100848,-1.004191062937856,17893.0,2
0.9099529699534976,0.1321678010265333,-0.3836554119490396,17897.0,2
0.7534662180823962,-0.8301205927100848,-0.9365975108950336,17899.0,2
1.0999725972255494,-0.3489763958417757,-0.9970661828218084,17900.0,2
1.7370972298436054,-0.8301205927100848,-1.0531799681045062,17906.0,2
2.4412876132635617,1.0944561947631517,-0.714555405314567,17912.0,2
2.1283141095213587,-0.8301205927100848,-0.8609938230904827,17923.0,2
0.5187360902757441,-0.3489763958417757,-0.9491053164694976,17935.0,2
0.7646438432160463,-0.8301205927100848,-1.0157136646485778,17939.0,2
1.580610477972504,-0.3489763958417757,-0.9436938343773494,17946.0,2
0.619334716478595,-0.8301205927100848,-0.6453055685153087,17948.0,2
1.2005712234284005,0.6133119978948424,-0.3615382991238747,17955.0,2
1.7594524801109055,-0.8301205927100848,-1.1390640440524522,17956.0,2
0.8875977196861974,-0.8301205927100848,-1.0519234762203136,17960.0,2
0.5634465908103444,-0.8301205927100848,-1.0110446550334526,17962.0,2
0.8317095940179469,-0.3489763958417757,-0.831437707178222,17969.0,2
1.3347027250322014,-0.8301205927100848,-0.3536995031645359,17970.0,2
1.6812091041753547,-0.8301205927100848,-0.9642403323472736,17972.0,2
0.8317095940179469,0.1321678010265333,0.0013451240211038,17980.0,2
0.5969794662112947,-0.8301205927100848,-0.939267556148943,17984.0,2
1.0440844715572988,-0.8301205927100848,-0.8737443600516658,17987.0,2
1.6253209785071043,0.1321678010265333,-0.256535556892587,17990.0,2
1.491189476903303,-0.3489763958417757,-1.0239808101138912,17991.0,2
2.1283141095213587,-0.8301205927100848,-1.0486109067074418,17995.0,2
1.602965728239804,-0.8301205927100848,-0.8040376171127012,18009.0,2
1.8488734811801064,-0.8301205927100848,-0.9076839192417352,18010.0,2
0.7087557175477958,-0.3489763958417757,-0.8898503014763179,18013.0,2
0.6864004672804955,-0.3489763958417757,-0.6007286632601988,18024.0,2
1.2452817239630007,-0.3489763958417757,-0.9112677767750575,18048.0,2
2.1953798603232597,-0.8301205927100848,-0.6380379052306032,18056.0,2
0.9099529699534976,0.1321678010265333,-0.1284876112398558,18062.0,2
2.206557485456909,-0.8301205927100848,-1.0120584155309262,18068.0,2
1.8600511063137564,-0.3489763958417757,-0.5104611440344441,18071.0,2
1.055262096690949,-0.8301205927100848,-0.8039662255283719,18072.0,2
1.401768475834102,-0.3489763958417757,-0.6773318332453575,18078.0,2
2.038893108452158,-0.8301205927100848,-1.012572434938096,18086.0,2
2.474820488664512,-0.3489763958417757,-0.3290551282541194,18095.0,2
1.815340605779156,-0.8301205927100848,-0.770326510992485,18108.0,2
2.21773511059056,-0.8301205927100848,-0.8430031438395413,18114.0,2
1.3682356004331515,-0.8301205927100848,-0.9985654060927204,18120.0,2
0.6416899667458952,-0.3489763958417757,-0.224466457211941,18121.0,2
1.692386729309005,-0.8301205927100848,-0.9965664417315044,18129.0,2
1.3458803501658516,-0.8301205927100848,0.1727563179953498,18133.0,2
2.27362323625881,-0.8301205927100848,-0.9393103910995406,18138.0,2
0.731110967815096,-0.3489763958417757,0.298434063048354,18142.0,2
0.5522689656766944,-0.3489763958417757,-0.9283160871128542,18146.0,2
2.3406889870607106,-0.8301205927100848,-0.4003039294145933,18159.0,2
0.954663470488098,-0.8301205927100848,-0.7254069261325949,18165.0,2
1.5135447271706033,-0.3489763958417757,-0.2547793239180904,18183.0,2
1.7594524801109055,-0.8301205927100848,-0.7228511074136121,18185.0,2
1.1223278474928495,-0.3489763958417757,-0.7511078964910826,18190.0,2
1.9047616068483568,-0.8301205927100848,-0.860565473584508,18191.0,2
0.8205319688842968,-0.8301205927100848,-0.8092206461349961,18193.0,2
1.2117488485620505,0.1321678010265333,0.8373976897827039,18202.0,2
0.731110967815096,-0.8301205927100848,-0.9282161388947934,18203.0,2
2.620129615401963,-0.8301205927100848,-0.8487573055364696,18212.0,2
1.6253209785071043,-0.8301205927100848,-0.8253265875596483,18213.0,2
1.3347027250322014,-0.3489763958417757,-0.2407151818052515,18218.0,2
1.5135447271706033,-0.8301205927100848,-0.7213804407764319,18220.0,2
1.927116857115657,-0.8301205927100848,-0.93031505147407,18224.0,2
1.4129461009677522,-0.8301205927100848,-1.0234096774392585,18227.0,2
2.620129615401963,-0.8301205927100848,-0.5290229559600185,18233.0,2
2.4412876132635617,-0.8301205927100848,-0.6585701248836616,18250.0,2
0.5410913405430443,-0.8301205927100848,-0.9438366175460076,18262.0,2
0.4740255897411436,-0.8301205927100848,-1.1208591900485234,18268.0,2
2.0836036089867584,-0.8301205927100848,-0.8994024954595558,18280.0,2
0.9993739710226984,-0.8301205927100848,-1.0418715411467718,18281.0,2
